LocationKey,LocationNumber,ZoneKey
L1,1,4
L2,2,2
L3,3,3
L4,4,4
L5,5,3
L6,6,1
L7,7,2
L8,8,2
L9,9,2
L10,10,2
L11,11,4
L12,12,4
L13,13,1
L14,14,2
L15,15,2
L16,16,1
L17,17,4
L18,18,2
L19,19,4
L20,20,4
L21,21,2
L22,22,2
L23,23,3
L24,24,4
L25,25,1
L26,26,3
L27,27,3
L28,28,3
L29,29,3
L30,30,3
L31,31,1
L32,32,2
L33,33,2
L34,34,2
L35,35,2
L36,36,4
L37,37,3
L38,38,1
L39,39,2
L40,40,3
L41,41,2
L42,42,4
L43,43,3
L44,44,2
L45,45,1
L46,46,3
L47,47,1
L48,48,1
L49,49,1
L50,50,4
L51,51,2
L52,52,2
L53,53,4
L54,54,1
L55,55,1
L56,56,1
L57,57,3
L58,58,2
L59,59,2
L60,60,4
L61,61,3
L62,62,2
L63,63,3
L64,64,3
L65,65,3
L66,66,3
L67,67,2
L68,68,4
L69,69,2
L70,70,1
L71,71,4
L72,72,3
L73,73,3
L74,74,1
L75,75,4
L76,76,1
L77,77,1
L78,78,4
L79,79,1
L80,80,2
L81,81,4
L82,82,3
L83,83,2
L84,84,3
L85,85,3
L86,86,4
L87,87,4
L88,88,1
L89,89,1
L90,90,4
L91,91,1
L92,92,2
L93,93,1
L94,94,1
L95,95,4
L96,96,2
L97,97,1
L98,98,2
L99,99,1
L100,100,1